period,unique_users,pct_users
1,43,0.693548387096774
7,41,0.661290322580645
14,37,0.596774193548387
30,28,0.451612903225806
60,2,0.032258064516129