period,unique_users,pct_users
0,19,0.791666666666666666
1,4,0.166666666666666666
7,3,0.125
14,3,0.125