period,unique_users,pct_users
0,11,0.4583333333333333
1,11,0.4583333333333333
7,11,0.4583333333333333
14,9,0.375
30,4,0.166666666666666666